kind,device,device_type,kernel,modulus,bits,operation,items,seconds,ops_per_sec,mismatches
library,Intel(R) Xeon(R) Gold 6146 CPU @ 3.20GHz,host-cpu,gmp-1t,secp256k1,256,ADD,50000,0.000950252,52617624.821,0
opencl-kernel,Tesla P40,GPU,w8,secp256k1,256,ADD,50000,0.000128113,390280558.519,0
opencl-e2e,Tesla P40,GPU,w8,secp256k1,256,ADD,50000,0.001243580,40206503.824,0
opencl-kernel,Tesla P40,GPU,w16,secp256k1,256,ADD,50000,0.000062707,797360668.934,0
opencl-e2e,Tesla P40,GPU,w16,secp256k1,256,ADD,50000,0.001188036,42086264.820,0
library,Intel(R) Xeon(R) Gold 6146 CPU @ 3.20GHz,host-cpu,gmp-1t,secp256k1,256,SUBTRACT,50000,0.001231117,40613526.081,0
opencl-kernel,Tesla P40,GPU,w8,secp256k1,256,SUBTRACT,50000,0.000130336,383623766.812,0
opencl-e2e,Tesla P40,GPU,w8,secp256k1,256,SUBTRACT,50000,0.001312469,38096140.809,0
opencl-kernel,Tesla P40,GPU,w16,secp256k1,256,SUBTRACT,50000,0.000065040,768756787.485,0
opencl-e2e,Tesla P40,GPU,w16,secp256k1,256,SUBTRACT,50000,0.001241229,40282655.048,0
library,Intel(R) Xeon(R) Gold 6146 CPU @ 3.20GHz,host-cpu,gmp-1t,secp256k1,256,ADDMOD,50000,0.003090101,16180700.568,0
opencl-kernel,Tesla P40,GPU,w8,secp256k1,256,ADDMOD,50000,0.000174349,286780825.401,0
opencl-e2e,Tesla P40,GPU,w8,secp256k1,256,ADDMOD,50000,0.001335362,37443031.202,0
opencl-kernel,Tesla P40,GPU,w16,secp256k1,256,ADDMOD,50000,0.000083793,596708878.318,0
opencl-e2e,Tesla P40,GPU,w16,secp256k1,256,ADDMOD,50000,0.001222024,40915727.592,0
library,Intel(R) Xeon(R) Gold 6146 CPU @ 3.20GHz,host-cpu,gmp-1t,secp256k1,256,SUBTRACTMOD,50000,0.002088882,23936248.819,0
opencl-kernel,Tesla P40,GPU,w8,secp256k1,256,SUBTRACTMOD,50000,0.000175984,284116935.086,0
opencl-e2e,Tesla P40,GPU,w8,secp256k1,256,SUBTRACTMOD,50000,0.001311359,38128384.495,0
opencl-kernel,Tesla P40,GPU,w16,secp256k1,256,SUBTRACTMOD,50000,0.000084508,591660118.085,0
opencl-e2e,Tesla P40,GPU,w16,secp256k1,256,SUBTRACTMOD,50000,0.001181935,42303512.193,0
library,Intel(R) Xeon(R) Gold 6146 CPU @ 3.20GHz,host-cpu,gmp-1t,secp256k1,256,MULTIPLYOPERANDSCANNING,50000,0.001021963,48925457.721,0
opencl-kernel,Tesla P40,GPU,w8,secp256k1,256,MULTIPLYOPERANDSCANNING,50000,0.005960913,8387976.608,0
opencl-e2e,Tesla P40,GPU,w8,secp256k1,256,MULTIPLYOPERANDSCANNING,50000,0.007664027,6523985.431,0
opencl-kernel,Tesla P40,GPU,w16,secp256k1,256,MULTIPLYOPERANDSCANNING,50000,0.001270819,39344706.370,0
opencl-e2e,Tesla P40,GPU,w16,secp256k1,256,MULTIPLYOPERANDSCANNING,50000,0.002619784,19085543.952,0
library,Intel(R) Xeon(R) Gold 6146 CPU @ 3.20GHz,host-cpu,gmp-1t,secp256k1,256,MULTIPLYPRODUCTSCANNING,50000,0.001015150,49253805.427,0
opencl-kernel,Tesla P40,GPU,w8,secp256k1,256,MULTIPLYPRODUCTSCANNING,50000,0.003130736,15970685.170,0
opencl-e2e,Tesla P40,GPU,w8,secp256k1,256,MULTIPLYPRODUCTSCANNING,50000,0.004904941,10193802.624,0
opencl-kernel,Tesla P40,GPU,w16,secp256k1,256,MULTIPLYPRODUCTSCANNING,50000,0.000792726,63073481.768,0
opencl-e2e,Tesla P40,GPU,w16,secp256k1,256,MULTIPLYPRODUCTSCANNING,50000,0.002201569,22711075.253,0
library,Intel(R) Xeon(R) Gold 6146 CPU @ 3.20GHz,host-cpu,gmp-1t,secp256k1,256,MONTGOMERYMULTIPLICATION,50000,0.007950403,6288989.353,0
opencl-kernel,Tesla P40,GPU,w8,secp256k1,256,MONTGOMERYMULTIPLICATION,50000,0.000361719,138228870.647,0
opencl-e2e,Tesla P40,GPU,w8,secp256k1,256,MONTGOMERYMULTIPLICATION,50000,0.001757840,28443996.860,0
opencl-kernel,Tesla P40,GPU,w16,secp256k1,256,MONTGOMERYMULTIPLICATION,50000,0.000107888,463444002.806,0
opencl-e2e,Tesla P40,GPU,w16,secp256k1,256,MONTGOMERYMULTIPLICATION,50000,0.001361523,36723585.631,0
library,Intel(R) Xeon(R) Gold 6146 CPU @ 3.20GHz,host-cpu,gmp-1t,secp256k1,256,COMPARE,50000,0.000397693,125725151.193,0
opencl-kernel,Tesla P40,GPU,w8,secp256k1,256,COMPARE,50000,0.000085719,583300145.317,0
opencl-e2e,Tesla P40,GPU,w8,secp256k1,256,COMPARE,50000,0.001509906,33114648.768,0
opencl-kernel,Tesla P40,GPU,w16,secp256k1,256,COMPARE,50000,0.000048400,1033054954.613,0
opencl-e2e,Tesla P40,GPU,w16,secp256k1,256,COMPARE,50000,0.001152488,43384402.022,0
library,Intel(R) Xeon(R) Gold 6146 CPU @ 3.20GHz,host-cpu,gmp-1t,secp256k1,256,REDUCE,6250,0.000126462,49421974.777,0
opencl-kernel,Tesla P40,GPU,w8,secp256k1,256,REDUCE,21000,0.000235562,89148512.021,0
opencl-e2e,Tesla P40,GPU,w8,secp256k1,256,REDUCE,21000,0.000910013,23076593.848,0
opencl-kernel,Tesla P40,GPU,w16,secp256k1,256,REDUCE,21000,0.000130116,161394437.832,0
opencl-e2e,Tesla P40,GPU,w16,secp256k1,256,REDUCE,21000,0.000741218,28331746.472,0
library,Intel(R) Xeon(R) Gold 6146 CPU @ 3.20GHz,host-cpu,gmp-1t,secp256k1,256,MODMUL,3125,0.000372625,8386448.490,0
opencl-kernel,Tesla P40,GPU,w8,secp256k1,256,MODMUL,21000,0.000674574,31130750.221,0
opencl-e2e,Tesla P40,GPU,w8,secp256k1,256,MODMUL,21000,0.001489175,14101767.588,0
opencl-kernel,Tesla P40,GPU,w16,secp256k1,256,MODMUL,21000,0.000393346,53388117.741,0
opencl-e2e,Tesla P40,GPU,w16,secp256k1,256,MODMUL,21000,0.001077314,19492925.743,0
library,Intel(R) Xeon(R) Gold 6146 CPU @ 3.20GHz,host-cpu,gmp-1t,secp256k1,256,MODEXP,781,0.008216411,95053.669,0
opencl-kernel,Tesla P40,GPU,w8,secp256k1,256,MODEXP,21000,0.029347003,715575.625,0
opencl-e2e,Tesla P40,GPU,w8,secp256k1,256,MODEXP,21000,0.030125014,697095.111,0
opencl-kernel,Tesla P40,GPU,w16,secp256k1,256,MODEXP,21000,0.007165670,2930640.151,0
opencl-e2e,Tesla P40,GPU,w16,secp256k1,256,MODEXP,21000,0.007989023,2628606.740,0
library,Intel(R) Xeon(R) Gold 6146 CPU @ 3.20GHz,host-cpu,gmp-1t,secp256k1,256,EXPONENTIATION,781,0.003061485,255104.956,0
opencl-kernel,Tesla P40,GPU,w8,secp256k1,256,EXPONENTIATION,21000,0.155212795,135298.124,0
opencl-e2e,Tesla P40,GPU,w8,secp256k1,256,EXPONENTIATION,21000,0.156007210,134609.163,0
opencl-kernel,Tesla P40,GPU,w16,secp256k1,256,EXPONENTIATION,21000,0.028111122,747035.288,0
opencl-e2e,Tesla P40,GPU,w16,secp256k1,256,EXPONENTIATION,21000,0.028930889,725867.775,0
library,Intel(R) Xeon(R) Gold 6146 CPU @ 3.20GHz,host-cpu,gmp-1t,secp256k1,256,DIVIDE,6250,0.000364032,17168815.214,0
opencl-kernel,Tesla P40,GPU,w8,secp256k1,256,DIVIDE,21000,0.000455995,46053127.427,0
opencl-e2e,Tesla P40,GPU,w8,secp256k1,256,DIVIDE,21000,0.001344174,15622978.384,0
opencl-kernel,Tesla P40,GPU,w16,secp256k1,256,DIVIDE,21000,0.000323043,65006784.495,0
opencl-e2e,Tesla P40,GPU,w16,secp256k1,256,DIVIDE,21000,0.001063168,19752290.921,0
library,Intel(R) Xeon(R) Gold 6146 CPU @ 3.20GHz,host-cpu,gmp-1t,secp256k1,256,ISQRT,1562,0.000173577,8998894.600,0
opencl-kernel,Tesla P40,GPU,w8,secp256k1,256,ISQRT,21000,0.006450470,3255576.689,0
opencl-e2e,Tesla P40,GPU,w8,secp256k1,256,ISQRT,21000,0.007211928,2911842.705,0
opencl-kernel,Tesla P40,GPU,w16,secp256k1,256,ISQRT,21000,0.003959726,5303397.153,0
opencl-e2e,Tesla P40,GPU,w16,secp256k1,256,ISQRT,21000,0.004640270,4525598.702,0
library,Intel(R) Xeon(R) Gold 6146 CPU @ 3.20GHz,host-cpu,gmp-1t,secp256k1,256,MODMUL_R2,50000,0.004374592,11429637.064,0
opencl-kernel,Tesla P40,GPU,w8,secp256k1,256,MODMUL_R2,50000,0.000389123,128494041.242,0
opencl-e2e,Tesla P40,GPU,w8,secp256k1,256,MODMUL_R2,50000,0.001695957,29481878.947,0
opencl-kernel,Tesla P40,GPU,w16,secp256k1,256,MODMUL_R2,50000,0.000124920,400255652.641,0
opencl-e2e,Tesla P40,GPU,w16,secp256k1,256,MODMUL_R2,50000,0.001443684,34633621.043,0
library,Intel(R) Xeon(R) Gold 6146 CPU @ 3.20GHz,host-cpu,gmp-1t,rsa256(composite),256,ADD,50000,0.001004452,49778380.743,0
opencl-kernel,Tesla P40,GPU,w8,rsa256(composite),256,ADD,50000,0.000108891,459175049.767,0
opencl-e2e,Tesla P40,GPU,w8,rsa256(composite),256,ADD,50000,0.001594737,31353133.403,0
opencl-kernel,Tesla P40,GPU,w16,rsa256(composite),256,ADD,50000,0.000062545,799423609.513,0
opencl-e2e,Tesla P40,GPU,w16,rsa256(composite),256,ADD,50000,0.001224439,40835030.886,0
library,Intel(R) Xeon(R) Gold 6146 CPU @ 3.20GHz,host-cpu,gmp-1t,rsa256(composite),256,SUBTRACT,50000,0.000711011,70322399.893,0
opencl-kernel,Tesla P40,GPU,w8,rsa256(composite),256,SUBTRACT,50000,0.000109040,458547551.156,0
opencl-e2e,Tesla P40,GPU,w8,rsa256(composite),256,SUBTRACT,50000,0.001559330,32065055.274,0
opencl-kernel,Tesla P40,GPU,w16,rsa256(composite),256,SUBTRACT,50000,0.000063733,784523363.448,0
opencl-e2e,Tesla P40,GPU,w16,rsa256(composite),256,SUBTRACT,50000,0.001275201,39209502.082,0
library,Intel(R) Xeon(R) Gold 6146 CPU @ 3.20GHz,host-cpu,gmp-1t,rsa256(composite),256,ADDMOD,50000,0.002163506,23110634.955,0
opencl-kernel,Tesla P40,GPU,w8,rsa256(composite),256,ADDMOD,50000,0.000142060,351963990.081,0
opencl-e2e,Tesla P40,GPU,w8,rsa256(composite),256,ADDMOD,50000,0.001625795,30754182.035,0
opencl-kernel,Tesla P40,GPU,w16,rsa256(composite),256,ADDMOD,50000,0.000079667,627612729.457,0
opencl-e2e,Tesla P40,GPU,w16,rsa256(composite),256,ADDMOD,50000,0.001165269,42908549.406,0
library,Intel(R) Xeon(R) Gold 6146 CPU @ 3.20GHz,host-cpu,gmp-1t,rsa256(composite),256,SUBTRACTMOD,50000,0.002148890,23267827.333,0
opencl-kernel,Tesla P40,GPU,w8,rsa256(composite),256,SUBTRACTMOD,50000,0.000153891,324905197.766,0
opencl-e2e,Tesla P40,GPU,w8,rsa256(composite),256,SUBTRACTMOD,50000,0.001727827,28938084.129,0
opencl-kernel,Tesla P40,GPU,w16,rsa256(composite),256,SUBTRACTMOD,50000,0.000084876,589094104.351,0
opencl-e2e,Tesla P40,GPU,w16,rsa256(composite),256,SUBTRACTMOD,50000,0.001208110,41386959.318,0
library,Intel(R) Xeon(R) Gold 6146 CPU @ 3.20GHz,host-cpu,gmp-1t,rsa256(composite),256,MULTIPLYOPERANDSCANNING,50000,0.001032416,48430089.714,0
opencl-kernel,Tesla P40,GPU,w8,rsa256(composite),256,MULTIPLYOPERANDSCANNING,50000,0.005050814,9899394.411,0
opencl-e2e,Tesla P40,GPU,w8,rsa256(composite),256,MULTIPLYOPERANDSCANNING,50000,0.006831299,7319252.364,0
opencl-kernel,Tesla P40,GPU,w16,rsa256(composite),256,MULTIPLYOPERANDSCANNING,50000,0.001270761,39346501.359,0
opencl-e2e,Tesla P40,GPU,w16,rsa256(composite),256,MULTIPLYOPERANDSCANNING,50000,0.002756699,18137634.980,0
library,Intel(R) Xeon(R) Gold 6146 CPU @ 3.20GHz,host-cpu,gmp-1t,rsa256(composite),256,MULTIPLYPRODUCTSCANNING,50000,0.000973460,51363177.093,0
opencl-kernel,Tesla P40,GPU,w8,rsa256(composite),256,MULTIPLYPRODUCTSCANNING,50000,0.003124874,16000645.902,0
opencl-e2e,Tesla P40,GPU,w8,rsa256(composite),256,MULTIPLYPRODUCTSCANNING,50000,0.004782213,10455410.720,0
opencl-kernel,Tesla P40,GPU,w16,rsa256(composite),256,MULTIPLYPRODUCTSCANNING,50000,0.000788830,63385014.222,0
opencl-e2e,Tesla P40,GPU,w16,rsa256(composite),256,MULTIPLYPRODUCTSCANNING,50000,0.002346759,21305980.195,0
library,Intel(R) Xeon(R) Gold 6146 CPU @ 3.20GHz,host-cpu,gmp-1t,rsa256(composite),256,MONTGOMERYMULTIPLICATION,50000,0.007861365,6360218.722,0
opencl-kernel,Tesla P40,GPU,w8,rsa256(composite),256,MONTGOMERYMULTIPLICATION,50000,0.000361896,138161282.764,0
opencl-e2e,Tesla P40,GPU,w8,rsa256(composite),256,MONTGOMERYMULTIPLICATION,50000,0.001772394,28210432.751,0
opencl-kernel,Tesla P40,GPU,w16,rsa256(composite),256,MONTGOMERYMULTIPLICATION,50000,0.000108768,459694030.461,0
opencl-e2e,Tesla P40,GPU,w16,rsa256(composite),256,MONTGOMERYMULTIPLICATION,50000,0.001309200,38191263.088,0
library,Intel(R) Xeon(R) Gold 6146 CPU @ 3.20GHz,host-cpu,gmp-1t,rsa256(composite),256,COMPARE,50000,0.000386300,129433072.677,0
opencl-kernel,Tesla P40,GPU,w8,rsa256(composite),256,COMPARE,50000,0.000085044,587931273.254,0
opencl-e2e,Tesla P40,GPU,w8,rsa256(composite),256,COMPARE,50000,0.001565589,31936864.732,0
opencl-kernel,Tesla P40,GPU,w16,rsa256(composite),256,COMPARE,50000,0.000050343,993184619.511,0
opencl-e2e,Tesla P40,GPU,w16,rsa256(composite),256,COMPARE,50000,0.001146797,43599692.049,0
library,Intel(R) Xeon(R) Gold 6146 CPU @ 3.20GHz,host-cpu,gmp-1t,rsa256(composite),256,REDUCE,6250,0.000208077,30036988.060,0
opencl-kernel,Tesla P40,GPU,w8,rsa256(composite),256,REDUCE,21000,0.000237857,88288344.436,0
opencl-e2e,Tesla P40,GPU,w8,rsa256(composite),256,REDUCE,21000,0.000931541,22543286.268,0
opencl-kernel,Tesla P40,GPU,w16,rsa256(composite),256,REDUCE,21000,0.000130643,160743231.635,0
opencl-e2e,Tesla P40,GPU,w16,rsa256(composite),256,REDUCE,21000,0.000741076,28337176.232,0
library,Intel(R) Xeon(R) Gold 6146 CPU @ 3.20GHz,host-cpu,gmp-1t,rsa256(composite),256,MODMUL,3125,0.000707248,4418534.985,0
opencl-kernel,Tesla P40,GPU,w8,rsa256(composite),256,MODMUL,21000,0.000674069,31154073.243,0
opencl-e2e,Tesla P40,GPU,w8,rsa256(composite),256,MODMUL,21000,0.001437387,14609844.484,0
opencl-kernel,Tesla P40,GPU,w16,rsa256(composite),256,MODMUL,21000,0.000389896,53860502.783,0
opencl-e2e,Tesla P40,GPU,w16,rsa256(composite),256,MODMUL,21000,0.000966500,21727888.785,0
library,Intel(R) Xeon(R) Gold 6146 CPU @ 3.20GHz,host-cpu,gmp-1t,rsa256(composite),256,MODEXP,781,0.007069690,110471.602,0
opencl-kernel,Tesla P40,GPU,w8,rsa256(composite),256,MODEXP,21000,0.029281274,717181.911,0
opencl-e2e,Tesla P40,GPU,w8,rsa256(composite),256,MODEXP,21000,0.030049303,698851.482,0
opencl-kernel,Tesla P40,GPU,w16,rsa256(composite),256,MODEXP,21000,0.007170147,2928810.234,0
opencl-e2e,Tesla P40,GPU,w16,rsa256(composite),256,MODEXP,21000,0.007842241,2677806.049,0
library,Intel(R) Xeon(R) Gold 6146 CPU @ 3.20GHz,host-cpu,gmp-1t,rsa256(composite),256,EXPONENTIATION,781,0.002984260,261706.422,0
opencl-kernel,Tesla P40,GPU,w8,rsa256(composite),256,EXPONENTIATION,21000,0.155186883,135320.715,0
opencl-e2e,Tesla P40,GPU,w8,rsa256(composite),256,EXPONENTIATION,21000,0.155993580,134620.925,0
opencl-kernel,Tesla P40,GPU,w16,rsa256(composite),256,EXPONENTIATION,21000,0.028120324,746790.826,0
opencl-e2e,Tesla P40,GPU,w16,rsa256(composite),256,EXPONENTIATION,21000,0.028887889,726948.241,0
library,Intel(R) Xeon(R) Gold 6146 CPU @ 3.20GHz,host-cpu,gmp-1t,rsa256(composite),256,DIVIDE,6250,0.000654022,9556253.803,0
opencl-kernel,Tesla P40,GPU,w8,rsa256(composite),256,DIVIDE,21000,0.000450749,46589102.740,0
opencl-e2e,Tesla P40,GPU,w8,rsa256(composite),256,DIVIDE,21000,0.001392831,15077205.041,0
opencl-kernel,Tesla P40,GPU,w16,rsa256(composite),256,DIVIDE,21000,0.000278940,75285018.686,0
opencl-e2e,Tesla P40,GPU,w16,rsa256(composite),256,DIVIDE,21000,0.001141332,18399552.756,0
library,Intel(R) Xeon(R) Gold 6146 CPU @ 3.20GHz,host-cpu,gmp-1t,rsa256(composite),256,ISQRT,1562,0.000154554,10106490.485,0
opencl-kernel,Tesla P40,GPU,w8,rsa256(composite),256,ISQRT,21000,0.006442438,3259635.621,0
opencl-e2e,Tesla P40,GPU,w8,rsa256(composite),256,ISQRT,21000,0.007215485,2910407.279,0
opencl-kernel,Tesla P40,GPU,w16,rsa256(composite),256,ISQRT,21000,0.003958519,5305014.526,0
opencl-e2e,Tesla P40,GPU,w16,rsa256(composite),256,ISQRT,21000,0.004683399,4483922.792,0
library,Intel(R) Xeon(R) Gold 6146 CPU @ 3.20GHz,host-cpu,gmp-1t,rsa256(composite),256,MODMUL_R2,50000,0.004525447,11048632.246,0
opencl-kernel,Tesla P40,GPU,w8,rsa256(composite),256,MODMUL_R2,50000,0.000387155,129147245.700,0
opencl-e2e,Tesla P40,GPU,w8,rsa256(composite),256,MODMUL_R2,50000,0.001683166,29705922.929,0
opencl-kernel,Tesla P40,GPU,w16,rsa256(composite),256,MODMUL_R2,50000,0.000126204,396183994.598,0
opencl-e2e,Tesla P40,GPU,w16,rsa256(composite),256,MODMUL_R2,50000,0.001579079,31664025.368,0
library,Intel(R) Xeon(R) Gold 6146 CPU @ 3.20GHz,host-cpu,gmp-1t,brainpoolP512r1,512,ADD,25000,0.000516232,48427850.815,0
opencl-kernel,Tesla P40,GPU,w8,brainpoolP512r1,512,ADD,25000,0.000122273,204460719.250,0
opencl-e2e,Tesla P40,GPU,w8,brainpoolP512r1,512,ADD,25000,0.001411282,17714390.282,0
opencl-kernel,Tesla P40,GPU,w16,brainpoolP512r1,512,ADD,25000,0.000067334,371283873.622,0
opencl-e2e,Tesla P40,GPU,w16,brainpoolP512r1,512,ADD,25000,0.001485301,16831605.756,0
library,Intel(R) Xeon(R) Gold 6146 CPU @ 3.20GHz,host-cpu,gmp-1t,brainpoolP512r1,512,SUBTRACT,25000,0.000379227,65923598.894,0
opencl-kernel,Tesla P40,GPU,w8,brainpoolP512r1,512,SUBTRACT,25000,0.000121369,205983360.830,0
opencl-e2e,Tesla P40,GPU,w8,brainpoolP512r1,512,SUBTRACT,25000,0.001523440,16410229.424,0
opencl-kernel,Tesla P40,GPU,w16,brainpoolP512r1,512,SUBTRACT,25000,0.000066234,377449467.612,0
opencl-e2e,Tesla P40,GPU,w16,brainpoolP512r1,512,SUBTRACT,25000,0.001407021,17768036.684,0
library,Intel(R) Xeon(R) Gold 6146 CPU @ 3.20GHz,host-cpu,gmp-1t,brainpoolP512r1,512,ADDMOD,25000,0.001193461,20947479.494,0
opencl-kernel,Tesla P40,GPU,w8,brainpoolP512r1,512,ADDMOD,25000,0.000170187,146897156.022,0
opencl-e2e,Tesla P40,GPU,w8,brainpoolP512r1,512,ADDMOD,25000,0.001449064,17252517.465,0
opencl-kernel,Tesla P40,GPU,w16,brainpoolP512r1,512,ADDMOD,25000,0.000088007,284068453.148,0
opencl-e2e,Tesla P40,GPU,w16,brainpoolP512r1,512,ADDMOD,25000,0.001383210,18073899.693,0
library,Intel(R) Xeon(R) Gold 6146 CPU @ 3.20GHz,host-cpu,gmp-1t,brainpoolP512r1,512,SUBTRACTMOD,25000,0.001058325,23622234.616,0
opencl-kernel,Tesla P40,GPU,w8,brainpoolP512r1,512,SUBTRACTMOD,25000,0.000186360,134148976.649,0
opencl-e2e,Tesla P40,GPU,w8,brainpoolP512r1,512,SUBTRACTMOD,25000,0.001433787,17436342.437,0
opencl-kernel,Tesla P40,GPU,w16,brainpoolP512r1,512,SUBTRACTMOD,25000,0.000093377,267731990.196,0
opencl-e2e,Tesla P40,GPU,w16,brainpoolP512r1,512,SUBTRACTMOD,25000,0.001383535,18069653.622,0
library,Intel(R) Xeon(R) Gold 6146 CPU @ 3.20GHz,host-cpu,gmp-1t,brainpoolP512r1,512,MULTIPLYOPERANDSCANNING,25000,0.001095080,22829381.292,0
opencl-kernel,Tesla P40,GPU,w8,brainpoolP512r1,512,MULTIPLYOPERANDSCANNING,25000,0.011174738,2237188.928,0
opencl-e2e,Tesla P40,GPU,w8,brainpoolP512r1,512,MULTIPLYOPERANDSCANNING,25000,0.012802280,1952777.194,0
opencl-kernel,Tesla P40,GPU,w16,brainpoolP512r1,512,MULTIPLYOPERANDSCANNING,25000,0.002882914,8671781.642,0
opencl-e2e,Tesla P40,GPU,w16,brainpoolP512r1,512,MULTIPLYOPERANDSCANNING,25000,0.004510652,5542435.943,0
library,Intel(R) Xeon(R) Gold 6146 CPU @ 3.20GHz,host-cpu,gmp-1t,brainpoolP512r1,512,MULTIPLYPRODUCTSCANNING,25000,0.001142166,21888235.201,0
opencl-kernel,Tesla P40,GPU,w8,brainpoolP512r1,512,MULTIPLYPRODUCTSCANNING,25000,0.006157106,4060349.117,0
opencl-e2e,Tesla P40,GPU,w8,brainpoolP512r1,512,MULTIPLYPRODUCTSCANNING,25000,0.007764787,3219663.356,0
opencl-kernel,Tesla P40,GPU,w16,brainpoolP512r1,512,MULTIPLYPRODUCTSCANNING,25000,0.001545121,16179960.565,0
opencl-e2e,Tesla P40,GPU,w16,brainpoolP512r1,512,MULTIPLYPRODUCTSCANNING,25000,0.003091525,8086623.775,0
library,Intel(R) Xeon(R) Gold 6146 CPU @ 3.20GHz,host-cpu,gmp-1t,brainpoolP512r1,512,MONTGOMERYMULTIPLICATION,25000,0.008737209,2861325.618,0
opencl-kernel,Tesla P40,GPU,w8,brainpoolP512r1,512,MONTGOMERYMULTIPLICATION,25000,0.000965621,25890072.483,0
opencl-e2e,Tesla P40,GPU,w8,brainpoolP512r1,512,MONTGOMERYMULTIPLICATION,25000,0.002321288,10769882.975,0
opencl-kernel,Tesla P40,GPU,w16,brainpoolP512r1,512,MONTGOMERYMULTIPLICATION,25000,0.000221223,113008087.599,0
opencl-e2e,Tesla P40,GPU,w16,brainpoolP512r1,512,MONTGOMERYMULTIPLICATION,25000,0.001455507,17176145.396,0
library,Intel(R) Xeon(R) Gold 6146 CPU @ 3.20GHz,host-cpu,gmp-1t,brainpoolP512r1,512,COMPARE,25000,0.000404174,61854516.149,0
opencl-kernel,Tesla P40,GPU,w8,brainpoolP512r1,512,COMPARE,25000,0.000089508,279304594.287,0
opencl-e2e,Tesla P40,GPU,w8,brainpoolP512r1,512,COMPARE,25000,0.001399869,17858815.636,0
opencl-kernel,Tesla P40,GPU,w16,brainpoolP512r1,512,COMPARE,25000,0.000050654,493545058.996,0
opencl-e2e,Tesla P40,GPU,w16,brainpoolP512r1,512,COMPARE,25000,0.001127393,22175053.716,0
library,Intel(R) Xeon(R) Gold 6146 CPU @ 3.20GHz,host-cpu,gmp-1t,brainpoolP512r1,512,REDUCE,3125,0.000106666,29297056.930,0
opencl-kernel,Tesla P40,GPU,w8,brainpoolP512r1,512,REDUCE,21000,0.000759266,27658296.453,0
opencl-e2e,Tesla P40,GPU,w8,brainpoolP512r1,512,REDUCE,21000,0.001914641,10968114.243,0
opencl-kernel,Tesla P40,GPU,w16,brainpoolP512r1,512,REDUCE,21000,0.000431067,48716316.088,0
opencl-e2e,Tesla P40,GPU,w16,brainpoolP512r1,512,REDUCE,21000,0.001572461,13354863.345,0
library,Intel(R) Xeon(R) Gold 6146 CPU @ 3.20GHz,host-cpu,gmp-1t,brainpoolP512r1,512,MODMUL,1562,0.000331328,4714361.348,0
opencl-kernel,Tesla P40,GPU,w8,brainpoolP512r1,512,MODMUL,21000,0.002421840,8671092.717,0
opencl-e2e,Tesla P40,GPU,w8,brainpoolP512r1,512,MODMUL,21000,0.003729835,5630275.991,0
opencl-kernel,Tesla P40,GPU,w16,brainpoolP512r1,512,MODMUL,21000,0.001249450,16807394.903,0
opencl-e2e,Tesla P40,GPU,w16,brainpoolP512r1,512,MODMUL,21000,0.002282267,9201377.520,0
library,Intel(R) Xeon(R) Gold 6146 CPU @ 3.20GHz,host-cpu,gmp-1t,brainpoolP512r1,512,MODEXP,390,0.020153182,19351.783,0
opencl-kernel,Tesla P40,GPU,w8,brainpoolP512r1,512,MODEXP,21000,0.516889159,40627.666,0
opencl-e2e,Tesla P40,GPU,w8,brainpoolP512r1,512,MODEXP,21000,0.518371165,40511.513,0
opencl-kernel,Tesla P40,GPU,w16,brainpoolP512r1,512,MODEXP,21000,0.049343605,425587.064,0
opencl-e2e,Tesla P40,GPU,w16,brainpoolP512r1,512,MODEXP,21000,0.050688557,414294.691,0
library,Intel(R) Xeon(R) Gold 6146 CPU @ 3.20GHz,host-cpu,gmp-1t,brainpoolP512r1,512,EXPONENTIATION,390,0.005681265,68646.684,0
opencl-kernel,Tesla P40,GPU,w8,brainpoolP512r1,512,EXPONENTIATION,21000,1.263222017,16624.156,0
opencl-e2e,Tesla P40,GPU,w8,brainpoolP512r1,512,EXPONENTIATION,21000,1.262527809,16633.297,0
opencl-kernel,Tesla P40,GPU,w16,brainpoolP512r1,512,EXPONENTIATION,21000,0.308650542,68038.112,0
opencl-e2e,Tesla P40,GPU,w16,brainpoolP512r1,512,EXPONENTIATION,21000,0.310038782,67733.462,0
library,Intel(R) Xeon(R) Gold 6146 CPU @ 3.20GHz,host-cpu,gmp-1t,brainpoolP512r1,512,DIVIDE,3125,0.000198815,15718128.502,0
opencl-kernel,Tesla P40,GPU,w8,brainpoolP512r1,512,DIVIDE,21000,0.001890174,11110087.612,0
opencl-e2e,Tesla P40,GPU,w8,brainpoolP512r1,512,DIVIDE,21000,0.003443269,6098855.785,0
opencl-kernel,Tesla P40,GPU,w16,brainpoolP512r1,512,DIVIDE,21000,0.002417028,8688356.292,0
opencl-e2e,Tesla P40,GPU,w16,brainpoolP512r1,512,DIVIDE,21000,0.003968815,5291251.808,0
library,Intel(R) Xeon(R) Gold 6146 CPU @ 3.20GHz,host-cpu,gmp-1t,brainpoolP512r1,512,ISQRT,781,0.000132806,5880762.799,0
opencl-kernel,Tesla P40,GPU,w8,brainpoolP512r1,512,ISQRT,21000,0.047996990,437527.435,0
opencl-e2e,Tesla P40,GPU,w8,brainpoolP512r1,512,ISQRT,21000,0.049420351,424926.161,0
opencl-kernel,Tesla P40,GPU,w16,brainpoolP512r1,512,ISQRT,21000,0.027876265,753329.039,0
opencl-e2e,Tesla P40,GPU,w16,brainpoolP512r1,512,ISQRT,21000,0.029196425,719266.146,0
library,Intel(R) Xeon(R) Gold 6146 CPU @ 3.20GHz,host-cpu,gmp-1t,brainpoolP512r1,512,MODMUL_R2,25000,0.004422231,5653255.265,0
opencl-kernel,Tesla P40,GPU,w8,brainpoolP512r1,512,MODMUL_R2,25000,0.000996157,25096449.962,0
opencl-e2e,Tesla P40,GPU,w8,brainpoolP512r1,512,MODMUL_R2,25000,0.002264991,11037571.759,0
opencl-kernel,Tesla P40,GPU,w16,brainpoolP512r1,512,MODMUL_R2,25000,0.000217676,114849629.965,0
opencl-e2e,Tesla P40,GPU,w16,brainpoolP512r1,512,MODMUL_R2,25000,0.001564794,15976544.008,0
library,Intel(R) Xeon(R) Gold 6146 CPU @ 3.20GHz,host-cpu,gmp-1t,p1024,1024,ADD,12500,0.000310988,40194455.575,0
opencl-kernel,Tesla P40,GPU,w8,p1024,1024,ADD,21000,0.000277071,75792839.912,0
opencl-e2e,Tesla P40,GPU,w8,p1024,1024,ADD,21000,0.002152503,9756083.953,0
opencl-kernel,Tesla P40,GPU,w16,p1024,1024,ADD,21000,0.000145681,144150605.672,0
opencl-e2e,Tesla P40,GPU,w16,p1024,1024,ADD,21000,0.002077544,10108088.641,0
library,Intel(R) Xeon(R) Gold 6146 CPU @ 3.20GHz,host-cpu,gmp-1t,p1024,1024,SUBTRACT,12500,0.000239477,52197073.539,0
opencl-kernel,Tesla P40,GPU,w8,p1024,1024,SUBTRACT,21000,0.000279189,75217839.607,0
opencl-e2e,Tesla P40,GPU,w8,p1024,1024,SUBTRACT,21000,0.002267420,9261627.512,0
opencl-kernel,Tesla P40,GPU,w16,p1024,1024,SUBTRACT,21000,0.000146325,143516166.025,0
opencl-e2e,Tesla P40,GPU,w16,p1024,1024,SUBTRACT,21000,0.002078513,10103377.196,0
library,Intel(R) Xeon(R) Gold 6146 CPU @ 3.20GHz,host-cpu,gmp-1t,p1024,1024,ADDMOD,12500,0.002143586,5831350.382,0
opencl-kernel,Tesla P40,GPU,w8,p1024,1024,ADDMOD,21000,0.000402392,52187900.564,0
opencl-e2e,Tesla P40,GPU,w8,p1024,1024,ADDMOD,21000,0.002384029,8808617.326,0
opencl-kernel,Tesla P40,GPU,w16,p1024,1024,ADDMOD,21000,0.000209275,100346465.475,0
opencl-e2e,Tesla P40,GPU,w16,p1024,1024,ADDMOD,21000,0.002208886,9507054.818,0
library,Intel(R) Xeon(R) Gold 6146 CPU @ 3.20GHz,host-cpu,gmp-1t,p1024,1024,SUBTRACTMOD,12500,0.000645003,19379753.360,0
opencl-kernel,Tesla P40,GPU,w8,p1024,1024,SUBTRACTMOD,21000,0.000403089,52097677.877,0
opencl-e2e,Tesla P40,GPU,w8,p1024,1024,SUBTRACTMOD,21000,0.002566610,8181998.832,0
opencl-kernel,Tesla P40,GPU,w16,p1024,1024,SUBTRACTMOD,21000,0.000208258,100836496.187,0
opencl-e2e,Tesla P40,GPU,w16,p1024,1024,SUBTRACTMOD,21000,0.002458086,8543232.402,0
library,Intel(R) Xeon(R) Gold 6146 CPU @ 3.20GHz,host-cpu,gmp-1t,p1024,1024,MULTIPLYOPERANDSCANNING,12500,0.001983803,6301028.887,0
opencl-kernel,Tesla P40,GPU,w8,p1024,1024,MULTIPLYOPERANDSCANNING,21000,0.087202980,240817.458,0
opencl-e2e,Tesla P40,GPU,w8,p1024,1024,MULTIPLYOPERANDSCANNING,21000,0.090571774,231860.314,0
opencl-kernel,Tesla P40,GPU,w16,p1024,1024,MULTIPLYOPERANDSCANNING,21000,0.026327818,797635.416,0
opencl-e2e,Tesla P40,GPU,w16,p1024,1024,MULTIPLYOPERANDSCANNING,21000,0.029526736,711219.827,0
library,Intel(R) Xeon(R) Gold 6146 CPU @ 3.20GHz,host-cpu,gmp-1t,p1024,1024,MULTIPLYPRODUCTSCANNING,12500,0.001990146,6280946.210,0
opencl-kernel,Tesla P40,GPU,w8,p1024,1024,MULTIPLYPRODUCTSCANNING,21000,0.019980597,1051019.655,0
opencl-e2e,Tesla P40,GPU,w8,p1024,1024,MULTIPLYPRODUCTSCANNING,21000,0.022573338,930301.043,0
opencl-kernel,Tesla P40,GPU,w16,p1024,1024,MULTIPLYPRODUCTSCANNING,21000,0.005042749,4164395.261,0
opencl-e2e,Tesla P40,GPU,w16,p1024,1024,MULTIPLYPRODUCTSCANNING,21000,0.007761977,2705496.242,0
library,Intel(R) Xeon(R) Gold 6146 CPU @ 3.20GHz,host-cpu,gmp-1t,p1024,1024,MONTGOMERYMULTIPLICATION,12500,0.013766402,908007.777,0
opencl-kernel,Tesla P40,GPU,w8,p1024,1024,MONTGOMERYMULTIPLICATION,21000,0.004268232,4920069.910,0
opencl-e2e,Tesla P40,GPU,w8,p1024,1024,MONTGOMERYMULTIPLICATION,21000,0.006352906,3305573.920,0
opencl-kernel,Tesla P40,GPU,w16,p1024,1024,MONTGOMERYMULTIPLICATION,21000,0.000813690,25808354.083,0
opencl-e2e,Tesla P40,GPU,w16,p1024,1024,MONTGOMERYMULTIPLICATION,21000,0.003061492,6859400.589,0
library,Intel(R) Xeon(R) Gold 6146 CPU @ 3.20GHz,host-cpu,gmp-1t,p1024,1024,COMPARE,12500,0.000229308,54511855.575,0
opencl-kernel,Tesla P40,GPU,w8,p1024,1024,COMPARE,21000,0.000174529,120323898.761,0
opencl-e2e,Tesla P40,GPU,w8,p1024,1024,COMPARE,21000,0.002061380,10187351.009,0
opencl-kernel,Tesla P40,GPU,w16,p1024,1024,COMPARE,21000,0.000091341,229908064.664,0
opencl-e2e,Tesla P40,GPU,w16,p1024,1024,COMPARE,21000,0.002008679,10454632.867,0
library,Intel(R) Xeon(R) Gold 6146 CPU @ 3.20GHz,host-cpu,gmp-1t,p1024,1024,REDUCE,1562,0.000038552,40516601.741,0
opencl-kernel,Tesla P40,GPU,w8,p1024,1024,REDUCE,21000,0.004693032,4474719.106,0
opencl-e2e,Tesla P40,GPU,w8,p1024,1024,REDUCE,21000,0.006719952,3125022.329,0
opencl-kernel,Tesla P40,GPU,w16,p1024,1024,REDUCE,21000,0.001536562,13666875.605,0
opencl-e2e,Tesla P40,GPU,w16,p1024,1024,REDUCE,21000,0.003896699,5389176.764,0
library,Intel(R) Xeon(R) Gold 6146 CPU @ 3.20GHz,host-cpu,gmp-1t,p1024,1024,MODMUL,781,0.000405857,1924323.697,0
opencl-kernel,Tesla P40,GPU,w8,p1024,1024,MODMUL,21000,0.016961350,1238108.987,0
opencl-e2e,Tesla P40,GPU,w8,p1024,1024,MODMUL,21000,0.018977229,1106589.375,0
opencl-kernel,Tesla P40,GPU,w16,p1024,1024,MODMUL,21000,0.005450154,3853102.163,0
opencl-e2e,Tesla P40,GPU,w16,p1024,1024,MODMUL,21000,0.007426298,2827788.493,0
library,Intel(R) Xeon(R) Gold 6146 CPU @ 3.20GHz,host-cpu,gmp-1t,p1024,1024,MODEXP,195,0.082387942,2366.851,0
opencl-kernel,Tesla P40,GPU,w8,p1024,1024,MODEXP,21000,4.409977441,4761.929,0
opencl-e2e,Tesla P40,GPU,w8,p1024,1024,MODEXP,21000,4.403779918,4768.631,0
opencl-kernel,Tesla P40,GPU,w16,p1024,1024,MODEXP,21000,0.604520269,34738.289,0
opencl-e2e,Tesla P40,GPU,w16,p1024,1024,MODEXP,21000,0.607743064,34554.076,0
library,Intel(R) Xeon(R) Gold 6146 CPU @ 3.20GHz,host-cpu,gmp-1t,p1024,1024,EXPONENTIATION,195,0.008892343,21928.979,0
opencl-kernel,Tesla P40,GPU,w8,p1024,1024,EXPONENTIATION,21000,10.376377043,2023.828,0
opencl-e2e,Tesla P40,GPU,w8,p1024,1024,EXPONENTIATION,21000,10.385627565,2022.025,0
opencl-kernel,Tesla P40,GPU,w16,p1024,1024,EXPONENTIATION,21000,2.485098736,8450.368,0
opencl-e2e,Tesla P40,GPU,w16,p1024,1024,EXPONENTIATION,21000,2.487185239,8443.279,0
library,Intel(R) Xeon(R) Gold 6146 CPU @ 3.20GHz,host-cpu,gmp-1t,p1024,1024,DIVIDE,1562,0.000150533,10376467.311,0
opencl-kernel,Tesla P40,GPU,w8,p1024,1024,DIVIDE,21000,0.131857924,159262.328,0
opencl-e2e,Tesla P40,GPU,w8,p1024,1024,DIVIDE,21000,0.133809834,156939.138,0
opencl-kernel,Tesla P40,GPU,w16,p1024,1024,DIVIDE,21000,0.031395073,668894.765,0
opencl-e2e,Tesla P40,GPU,w16,p1024,1024,DIVIDE,21000,0.033992498,617783.368,0
library,Intel(R) Xeon(R) Gold 6146 CPU @ 3.20GHz,host-cpu,gmp-1t,p1024,1024,ISQRT,390,0.000125049,3118779.561,0
opencl-kernel,Tesla P40,GPU,w8,p1024,1024,ISQRT,21000,1.449702706,14485.729,0
opencl-e2e,Tesla P40,GPU,w8,p1024,1024,ISQRT,21000,1.451299929,14469.786,0
opencl-kernel,Tesla P40,GPU,w16,p1024,1024,ISQRT,21000,0.303566359,69177.626,0
opencl-e2e,Tesla P40,GPU,w16,p1024,1024,ISQRT,21000,0.305559645,68726.353,0
library,Intel(R) Xeon(R) Gold 6146 CPU @ 3.20GHz,host-cpu,gmp-1t,p1024,1024,MODMUL_R2,12500,0.006062673,2061796.855,0
opencl-kernel,Tesla P40,GPU,w8,p1024,1024,MODMUL_R2,21000,0.004672076,4494789.812,0
opencl-e2e,Tesla P40,GPU,w8,p1024,1024,MODMUL_R2,21000,0.006738822,3116271.668,0
opencl-kernel,Tesla P40,GPU,w16,p1024,1024,MODMUL_R2,21000,0.000627145,33485082.501,0
opencl-e2e,Tesla P40,GPU,w16,p1024,1024,MODMUL_R2,21000,0.002638313,7959631.816,0
library,Intel(R) Xeon(R) Gold 6146 CPU @ 3.20GHz,host-cpu,gmp-1t,p2048,2048,ADD,6250,0.000220213,28381631.348,0
opencl-kernel,Tesla P40,GPU,w8,p2048,2048,ADD,21000,0.000608516,34510189.648,0
opencl-e2e,Tesla P40,GPU,w8,p2048,2048,ADD,21000,0.004537322,4628280.640,0
opencl-kernel,Tesla P40,GPU,w16,p2048,2048,ADD,21000,0.000313030,67086202.441,0
opencl-e2e,Tesla P40,GPU,w16,p2048,2048,ADD,21000,0.004083825,5142237.922,0
library,Intel(R) Xeon(R) Gold 6146 CPU @ 3.20GHz,host-cpu,gmp-1t,p2048,2048,SUBTRACT,6250,0.000205005,30487053.345,0
opencl-kernel,Tesla P40,GPU,w8,p2048,2048,SUBTRACT,21000,0.000606731,34611724.911,0
opencl-e2e,Tesla P40,GPU,w8,p2048,2048,SUBTRACT,21000,0.004398522,4774331.049,0
opencl-kernel,Tesla P40,GPU,w16,p2048,2048,SUBTRACT,21000,0.000307809,68224104.760,0
opencl-e2e,Tesla P40,GPU,w16,p2048,2048,SUBTRACT,21000,0.003875040,5419298.595,0
library,Intel(R) Xeon(R) Gold 6146 CPU @ 3.20GHz,host-cpu,gmp-1t,p2048,2048,ADDMOD,6250,0.000528446,11827132.370,0
opencl-kernel,Tesla P40,GPU,w8,p2048,2048,ADDMOD,21000,0.000835400,25137663.364,0
opencl-e2e,Tesla P40,GPU,w8,p2048,2048,ADDMOD,21000,0.004562459,4602780.899,0
opencl-kernel,Tesla P40,GPU,w16,p2048,2048,ADDMOD,21000,0.000417232,50331732.261,0
opencl-e2e,Tesla P40,GPU,w16,p2048,2048,ADDMOD,21000,0.003690125,5690864.200,0
library,Intel(R) Xeon(R) Gold 6146 CPU @ 3.20GHz,host-cpu,gmp-1t,p2048,2048,SUBTRACTMOD,6250,0.000420689,14856576.377,0
opencl-kernel,Tesla P40,GPU,w8,p2048,2048,SUBTRACTMOD,21000,0.000851136,24672909.657,0
opencl-e2e,Tesla P40,GPU,w8,p2048,2048,SUBTRACTMOD,21000,0.004207769,4990768.334,0
opencl-kernel,Tesla P40,GPU,w16,p2048,2048,SUBTRACTMOD,21000,0.000438147,47929120.592,0
opencl-e2e,Tesla P40,GPU,w16,p2048,2048,SUBTRACTMOD,21000,0.004475602,4692106.278,0
library,Intel(R) Xeon(R) Gold 6146 CPU @ 3.20GHz,host-cpu,gmp-1t,p2048,2048,MULTIPLYOPERANDSCANNING,6250,0.003110438,2009363.385,0
opencl-kernel,Tesla P40,GPU,w8,p2048,2048,MULTIPLYOPERANDSCANNING,21000,0.479311020,43812.888,0
opencl-e2e,Tesla P40,GPU,w8,p2048,2048,MULTIPLYOPERANDSCANNING,21000,0.486536973,43162.187,0
opencl-kernel,Tesla P40,GPU,w16,p2048,2048,MULTIPLYOPERANDSCANNING,21000,0.148011329,141881.031,0
opencl-e2e,Tesla P40,GPU,w16,p2048,2048,MULTIPLYOPERANDSCANNING,21000,0.153569472,136745.928,0
library,Intel(R) Xeon(R) Gold 6146 CPU @ 3.20GHz,host-cpu,gmp-1t,p2048,2048,MULTIPLYPRODUCTSCANNING,6250,0.003397048,1839832.710,0
opencl-kernel,Tesla P40,GPU,w8,p2048,2048,MULTIPLYPRODUCTSCANNING,21000,0.079103472,265475.073,0
opencl-e2e,Tesla P40,GPU,w8,p2048,2048,MULTIPLYPRODUCTSCANNING,21000,0.084156183,249536.032,0
opencl-kernel,Tesla P40,GPU,w16,p2048,2048,MULTIPLYPRODUCTSCANNING,21000,0.020061854,1046762.675,0
opencl-e2e,Tesla P40,GPU,w16,p2048,2048,MULTIPLYPRODUCTSCANNING,21000,0.025528608,822606.540,0
library,Intel(R) Xeon(R) Gold 6146 CPU @ 3.20GHz,host-cpu,gmp-1t,p2048,2048,MONTGOMERYMULTIPLICATION,6250,0.021399397,292064.305,0
opencl-kernel,Tesla P40,GPU,w8,p2048,2048,MONTGOMERYMULTIPLICATION,21000,0.112246063,187088.967,0
opencl-e2e,Tesla P40,GPU,w8,p2048,2048,MONTGOMERYMULTIPLICATION,21000,0.115858415,181255.716,0
opencl-kernel,Tesla P40,GPU,w16,p2048,2048,MONTGOMERYMULTIPLICATION,21000,0.004077427,5150306.980,0
opencl-e2e,Tesla P40,GPU,w16,p2048,2048,MONTGOMERYMULTIPLICATION,21000,0.008046199,2609928.035,0
library,Intel(R) Xeon(R) Gold 6146 CPU @ 3.20GHz,host-cpu,gmp-1t,p2048,2048,COMPARE,6250,0.000082523,75736372.921,0
opencl-kernel,Tesla P40,GPU,w8,p2048,2048,COMPARE,21000,0.000333259,63014074.414,0
opencl-e2e,Tesla P40,GPU,w8,p2048,2048,COMPARE,21000,0.004299915,4883817.550,0
opencl-kernel,Tesla P40,GPU,w16,p2048,2048,COMPARE,21000,0.000173647,120934868.332,0
opencl-e2e,Tesla P40,GPU,w16,p2048,2048,COMPARE,21000,0.004144330,5067164.285,0
library,Intel(R) Xeon(R) Gold 6146 CPU @ 3.20GHz,host-cpu,gmp-1t,p2048,2048,REDUCE,781,0.000026869,29066822.570,0
opencl-kernel,Tesla P40,GPU,w8,p2048,2048,REDUCE,21000,0.745434577,28171.486,0
opencl-e2e,Tesla P40,GPU,w8,p2048,2048,REDUCE,21000,0.749813420,28006.967,0
opencl-kernel,Tesla P40,GPU,w16,p2048,2048,REDUCE,21000,0.008647986,2428311.057,0
opencl-e2e,Tesla P40,GPU,w16,p2048,2048,REDUCE,21000,0.012621067,1663884.678,0
library,Intel(R) Xeon(R) Gold 6146 CPU @ 3.20GHz,host-cpu,gmp-1t,p2048,2048,MODMUL,390,0.000618057,631009.667,0
opencl-kernel,Tesla P40,GPU,w8,p2048,2048,MODMUL,21000,1.758996411,11938.626,0
opencl-e2e,Tesla P40,GPU,w8,p2048,2048,MODMUL,21000,1.770033887,11864.180,0
opencl-kernel,Tesla P40,GPU,w16,p2048,2048,MODMUL,21000,0.032212003,651930.899,0
opencl-e2e,Tesla P40,GPU,w16,p2048,2048,MODMUL,21000,0.036126473,581291.177,0
library,Intel(R) Xeon(R) Gold 6146 CPU @ 3.20GHz,host-cpu,gmp-1t,p2048,2048,MODEXP,97,0.265019234,366.011,0
opencl-kernel,Tesla P40,GPU,w8,p2048,2048,MODEXP,21000,173.938639484,120.732,0
opencl-e2e,Tesla P40,GPU,w8,p2048,2048,MODEXP,21000,173.962065360,120.716,0
opencl-kernel,Tesla P40,GPU,w16,p2048,2048,MODEXP,21000,50.598355256,415.033,0
opencl-e2e,Tesla P40,GPU,w16,p2048,2048,MODEXP,21000,50.642284648,414.673,0
library,Intel(R) Xeon(R) Gold 6146 CPU @ 3.20GHz,host-cpu,gmp-1t,p2048,2048,EXPONENTIATION,97,0.025023578,3876.344,0
opencl-kernel,Tesla P40,GPU,w8,p2048,2048,EXPONENTIATION,21000,92.038802515,228.165,0
opencl-e2e,Tesla P40,GPU,w8,p2048,2048,EXPONENTIATION,21000,92.009315796,228.238,0
opencl-kernel,Tesla P40,GPU,w16,p2048,2048,EXPONENTIATION,21000,20.461915908,1026.297,0
opencl-e2e,Tesla P40,GPU,w16,p2048,2048,EXPONENTIATION,21000,20.468722883,1025.956,0
library,Intel(R) Xeon(R) Gold 6146 CPU @ 3.20GHz,host-cpu,gmp-1t,p2048,2048,DIVIDE,781,0.000059784,13063712.498,0
opencl-kernel,Tesla P40,GPU,w8,p2048,2048,DIVIDE,21000,1.897806430,11065.407,0
opencl-e2e,Tesla P40,GPU,w8,p2048,2048,DIVIDE,21000,1.907009476,11012.006,0
opencl-kernel,Tesla P40,GPU,w16,p2048,2048,DIVIDE,21000,0.643780806,32619.798,0
opencl-e2e,Tesla P40,GPU,w16,p2048,2048,DIVIDE,21000,0.649551456,32330.002,0
library,Intel(R) Xeon(R) Gold 6146 CPU @ 3.20GHz,host-cpu,gmp-1t,p2048,2048,ISQRT,195,0.000165444,1178645.837,0
opencl-kernel,Tesla P40,GPU,w8,p2048,2048,ISQRT,21000,26.413884440,795.036,0
opencl-e2e,Tesla P40,GPU,w8,p2048,2048,ISQRT,21000,26.431438482,794.508,0
opencl-kernel,Tesla P40,GPU,w16,p2048,2048,ISQRT,21000,0.000000000,inf,0
opencl-e2e,Tesla P40,GPU,w16,p2048,2048,ISQRT,21000,0.000000000,inf,0
library,Intel(R) Xeon(R) Gold 6146 CPU @ 3.20GHz,host-cpu,gmp-1t,p2048,2048,MODMUL_R2,6250,0.009206081,678899.085,0
opencl-kernel,Tesla P40,GPU,w8,p2048,2048,MODMUL_R2,21000,0.068286636,307527.229,0
opencl-e2e,Tesla P40,GPU,w8,p2048,2048,MODMUL_R2,21000,0.071789389,292522.339,0
